particion_escojida,Generador,Escenario,zona,barra,tipo,Cvar,Pmin,Pmax,Pmax_eff,UC,PG_0,RES_UP,RES_DN
SIC-SING,ex_PV_Quillota,m2-d19-h18,2,Quillota,Solar,0,0,9,2.6000000009999997,1.0,2.6,0.0,0.0
SIC-SING,CenTemuco-Cautin_Diesel,m2-d19-h18,2,Temuco-Cautin,diesel,188.7256707,0,16.7,16.7,1.0,0.0,0.0,0.0
SIC-SING,Pasada_Tinguiririca,m2-d19-h18,2,Tinguiririca,Pasada,0,0,100,93.5,1.0,93.5,0.0,0.0
SIC-SING,COCHRANE_1,m2-d19-h18,1,Crucero-Encuentro,coal,42.5075,75.9,226.9,226.9,0.0,0.0,0.0,0.0
SIC-SING,COCHRANE_2,m2-d19-h18,1,Crucero-Encuentro,coal,42.5075,75.9,226.9,226.9,1.0,75.9,151.0,0.0
SIC-SING,CenLos_Vilos_Diesel,m2-d19-h18,2,Los_Vilos,diesel,195.5258888,0,257.2,257.2,1.0,0.0,0.0,0.0
SIC-SING,Proy_Wind_Paposo_3,m2-d19-h18,2,Paposo,Eolico,7,0,2501,2501,0.0,0.0,0.0,0.0
SIC-SING,CenCharrua_Biomass_1,m2-d19-h18,2,Charrua,biomass,26.54,0,220.2,220.2,1.0,220.2,0.0,0.0
SIC-SING,ex_PV_Polpaico,m2-d19-h18,2,Polpaico,Solar,0,0,327.5,88.5999999525,1.0,88.6,0.0,0.0
SIC-SING,SanIgnacio,m2-d19-h18,2,Itahue,Serie,0,0,36,1.100000016,1.0,1.1,0.0,0.0
SIC-SING,Proy_Wind_Pichirropulli_131,m2-d19-h18,2,Pichirropulli,Eolico,7,0,1396,1396,0.0,0.0,0.0,0.0
SIC-SING,Los_Vientos,m2-d19-h18,2,Cerro_Navia-Lo_Aguirre,diesel,220.2535618,58.8,129.4,129.4,0.0,-1.4210854715202e-14,0.0,0.0
SIC-SING,San_Isidro_02_GNL,m2-d19-h18,2,Quillota,gnl,79.82298576,219.9,393.4,393.4,0.0,0.0,0.0,0.0
SIC-SING,CenValdivia-Ciruelos_Diesel,m2-d19-h18,2,Valdivia-Ciruelos,diesel,163.7158888,0,114.3,114.3,1.0,0.0,0.0,0.0
SIC-SING,CERRO PABELLON,m2-d19-h18,1,Crucero-Encuentro,geothermal,2,24,48,48,1.0,48.0,0.0,0.0
SIC-SING,Proy_Wind_Charrua_80,m2-d19-h18,2,Charrua,Eolico,7,0,419,419,0.0,0.0,0.0,0.0
SIC-SING,Pasada_Charrua,m2-d19-h18,2,Charrua,Pasada,0,0,189.3,38.0000000331,1.0,38.0,0.0,0.0
SIC-SING,Isla,m2-d19-h18,2,Itahue,Serie,0,0,69,52.700000004,1.0,52.7,0.0,0.0
SIC-SING,Santa_Maria,m2-d19-h18,2,Charrua,coal,35.0006133,221.8,320.9,320.9,1.0,320.9,0.0,0.0
SIC-SING,Curillinque,m2-d19-h18,2,Itahue,Serie,0,0,87,65.799999993,1.0,65.8,0.0,0.0
SIC-SING,Angostura,m2-d19-h18,2,Charrua,Embalse,0,12,323,0,0,0.0,0.0,0.0
SIC-SING,ex_wind_Pan_de_Azucar,m2-d19-h18,2,Pan_de_Azucar,Eolico,7,0,284.8,167.4000000352,1.0,167.4,0.0,0.0
SIC-SING,Machicura,m2-d19-h18,2,Colbun_220,Serie,0,0,90,22.30000002,1.0,22.3,0.0,0.0
SIC-SING,LomaAlta,m2-d19-h18,2,Ancoa_220,Serie,0,0,39,29.299999989,1.0,29.3,0.0,0.0
SIC-SING,CC1_TG1A_05TV_GNL,m2-d19-h18,1,Atacama-Mejillones,gnl,87.54028625,87.5,162.5,162.5,0.0,0.0,0.0,0.0
SIC-SING,CC1_TG1A_05TV_Diesel,m2-d19-h18,1,Atacama-Mejillones,diesel,140.9144318,100.5,162.5,162.5,0.0,0.0,0.0,0.0
SIC-SING,LajaI,m2-d19-h18,2,Charrua,Serie,0,0,34.3,0.0,0,0.0,0.0,0.0
SIC-SING,ex_wind_Valdivia-Ciruelos,m2-d19-h18,2,Valdivia-Ciruelos,Eolico,7,0,333,23.999999976,1.0,24.0,0.0,0.0
SIC-SING,CC1_GNL,m2-d19-h18,1,Atacama-Mejillones,gnl,83.16925806,201.5,325.5,325.5,0.0,0.0,0.0,0.0
SIC-SING,Blanco,m2-d19-h18,2,Polpaico,Serie,0,0,57,49.500000021000005,1.0,49.5,0.0,0.0
SIC-SING,CC2_GNL,m2-d19-h18,1,Atacama-Mejillones,gnl,83.16925806,201.5,325.5,325.5,0.0,0.0,0.0,0.0
SIC-SING,ex_PV_Crucero-Encuentro,m2-d19-h18,1,Crucero-Encuentro,Solar,0,0,583.7,329.7000002335,1.0,329.7,0.0,0.0
SIC-SING,Proy_Wind_Charrua_77,m2-d19-h18,2,Charrua,Eolico,7,0,1291,1291,0.0,0.0,0.0,0.0
SIC-SING,CC2_TG2B_05TV_Diesel,m2-d19-h18,1,Atacama-Mejillones,diesel,137.9766749,100.5,162.5,162.5,0.0,0.0,0.0,0.0
SIC-SING,Proy_Hidro_Alto_Jahuel_0,m2-d19-h18,2,Alto_Jahuel,Pasada,0,0,553.4,553.4,0.0,0.0,0.0,0.0
SIC-SING,Cipreses,m2-d19-h18,2,Itahue,Embalse,0,0,105,105,1.0,105.0,0.0,0.0
SIC-SING,CenMaitencillo_Diesel,m2-d19-h18,2,Maitencillo,diesel,248.9489423,0,57.7,57.7,1.0,0.0,0.0,0.0
SIC-SING,Proy_Carbon_Pan_de_Azucar,m2-d19-h18,2,Pan_de_Azucar,coal,35.5,0,2000,2000,0.0,0.0,0.0,0.0
SIC-SING,KELAR_TG1_05TV_GNL,m2-d19-h18,1,Los_Changos-Kapatur,gnl,82.8282,105.8,264.6,264.6,0.0,0.0,0.0,0.0
SIC-SING,CenTarapaca_Diesel,m2-d19-h18,1,Tarapaca,diesel,229.7385061,0,23.7,23.7,1.0,0.0,0.0,0.0
SIC-SING,ex_wind_Puerto_Montt,m2-d19-h18,2,Puerto_Montt,Eolico,7,0,391,60.99999993,1.0,61.0,0.0,0.0
SIC-SING,Nueva_Renca_Diesel,m2-d19-h18,2,Cerro_Navia-Lo_Aguirre,diesel,125.7961527,195.2,312.1,312.1,0.0,0.0,0.0,0.0
SIC-SING,Proy_PV_Quillota,m2-d19-h18,2,Quillota,Solar,0,0,10000,10000,0.0,0.0,0.0,0.0
SIC-SING,CenValdivia-Ciruelos_Biomass_1,m2-d19-h18,2,Valdivia-Ciruelos,biomass,17.06,0,38,38,1.0,38.0,0.0,0.0
SIC-SING,CC1_TG1B_05TV_GNL,m2-d19-h18,1,Atacama-Mejillones,gnl,87.54028625,87.5,162.5,162.5,0.0,0.0,0.0,0.0
SIC-SING,CenValdivia-Ciruelos_Biomass_2,m2-d19-h18,2,Valdivia-Ciruelos,biomass,95.69,0,23,23,1.0,0.0,0.0,0.0
SIC-SING,Candelaria_U1_Diesel,m2-d19-h18,2,Alto_Jahuel,diesel,191.9666164,59.7,124.7,124.7,0.0,0.0,0.0,0.0
SIC-SING,Nehuenco_02_GNL,m2-d19-h18,2,Quillota,gnl,72.645,245,390.2,390.2,0.0,0.0,0.0,0.0
SIC-SING,Proy_Geotermia_Crucero-Encuentro,m2-d19-h18,1,Crucero-Encuentro,geothermal,2,0,2000,2000,0.0,0.0,0.0,0.0
SIC-SING,Proy_PV_Polpaico,m2-d19-h18,2,Polpaico,Solar,0,0,10000,10000,0.0,0.0,0.0,0.0
SIC-SING,Proy_PV_Lagunas,m2-d19-h18,1,Lagunas,Solar,0,0,10000,10000,0.0,0.0,0.0,0.0
SIC-SING,Nehuenco_03,m2-d19-h18,2,Quillota,diesel,212.2981959,29.4,105.8,105.8,0.0,0.0,0.0,0.0
SIC-SING,CTH,m2-d19-h18,1,Atacama-Mejillones,coal,37.93116244,83.8,141.8,141.8,1.0,141.8,0.0,0.0
SIC-SING,CenLaberinto-Domeyko_Diesel,m2-d19-h18,1,Laberinto-Domeyko,diesel,187.0461069,0,29.9,29.9,1.0,0.0,0.0,0.0
SIC-SING,Proy_PV_Maitencillo,m2-d19-h18,2,Maitencillo,Solar,0,0,10000,10000,0.0,0.0,0.0,0.0
SIC-SING,CenPolpaico_Biomass_1,m2-d19-h18,2,Polpaico,biomass,17.52,0,20.2,20.2,1.0,20.2,0.0,0.0
SIC-SING,CenMelipilla_Biomass_1,m2-d19-h18,2,Melipilla,biomass,22.7,0,8.2,8.2,1.0,8.2,0.0,0.0
SIC-SING,CC2_TG2B_05TV_GNL,m2-d19-h18,1,Atacama-Mejillones,gnl,88.65006674,87.5,162.5,162.5,0.0,0.0,0.0,0.0
SIC-SING,ex_PV_Laberinto-Domeyko,m2-d19-h18,1,Laberinto-Domeyko,Solar,0,0,188.4,124.9999999452,1.0,125.0,0.0,0.0
SIC-SING,Proy_Wind_Valdivia-Ciruelos_118,m2-d19-h18,2,Valdivia-Ciruelos,Eolico,7,0,571,571,0.0,0.0,0.0,0.0
SIC-SING,ex_wind_Temuco-Cautin,m2-d19-h18,2,Temuco-Cautin,Eolico,7,0,543,19.199999988000002,1.0,19.2,0.0,0.0
SIC-SING,CHAP,m2-d19-h18,1,Lagunas,Pasada,0,0,10.1,5.3999999965,1.0,5.4,0.0,0.0
SIC-SING,RioColorado,m2-d19-h18,2,Ancoa_220,Pasada,0,0,15,10.999999995,1.0,11.0,0.0,0.0
SIC-SING,CenCrucero-Encuentro_Diesel,m2-d19-h18,1,Crucero-Encuentro,diesel,193.6969794,0,257.6,257.6,1.0,0.0,0.0,0.0
SIC-SING,Proy_Carbon_Atacama,m2-d19-h18,1,Atacama-Mejillones,coal,35.5,0,2000,2000,0.0,0.0,0.0,0.0
SIC-SING,CAVA_MHAH _MHT2,m2-d19-h18,1,Tarapaca,Pasada,0,0,5,3.7,1.0,3.7,0.0,0.0
SIC-SING,Proy_Hidro_Charrua_26,m2-d19-h18,2,Charrua,Pasada,0,0,674,674,0.0,0.0,0.0,0.0
SIC-SING,ex_wind_Atacama-Mejillones,m2-d19-h18,1,Atacama-Mejillones,Eolico,7,0,147.2,144.89999999999998,1.0,144.9,0.0,0.0
SIC-SING,ex_PV_Lagunas,m2-d19-h18,1,Lagunas,Solar,0,0,366.6,201.90000016680003,1.0,201.9,0.0,0.0
SIC-SING,San_Isidro_Diesel,m2-d19-h18,2,Quillota,diesel,153.1079337,261.3,309.8,309.8,0.0,0.0,0.0,0.0
SIC-SING,Proy_Hidro_Temuco-Cautin_32,m2-d19-h18,2,Temuco-Cautin,Pasada,0,0,323.2,323.2,0.0,0.0,0.0,0.0
SIC-SING,Rucue,m2-d19-h18,2,Charrua,Serie,0,0,178.4,125.7000000792,1.0,125.7,0.0,0.0
SIC-SING,Rucatayo,m2-d19-h18,2,Rahue,Serie,0,0,55,45.499999985,1.0,45.5,0.0,0.0
SIC-SING,Juncal,m2-d19-h18,2,Polpaico,Serie,0,0,32,20.5,1.0,20.5,0.0,0.0
SIC-SING,CenCharrua_Diesel,m2-d19-h18,2,Charrua,diesel,237.3878518,0,297.7,297.7,1.0,0.0,0.0,0.0
SIC-SING,Proy_Wind_Pichirropulli_128,m2-d19-h18,2,Pichirropulli,Eolico,7,0,151,151,0.0,0.0,0.0,0.0
SIC-SING,Proy_Hidro_Valdivia-Ciruelos_37,m2-d19-h18,2,Valdivia-Ciruelos,Pasada,0,0,540,540,0.0,0.0,0.0,0.0
SIC-SING,Taltal_01_GNL,m2-d19-h18,2,Paposo,gnl,121.4172548,74.9,123.2,123.2,0.0,0.0,0.0,0.0
SIC-SING,CTM3_TG_TV_GNL,m2-d19-h18,1,Atacama-Mejillones,gnl,79.28376069,152.5,218.5,218.5,0.0,0.0,0.0,0.0
SIC-SING,Nueva_Renca_FA_GLP,m2-d19-h18,2,Cerro_Navia-Lo_Aguirre,diesel,136.382702,0,29.3,29.3,1.0,0.0,29.3,0.0
SIC-SING,CenLagunas_Diesel,m2-d19-h18,1,Lagunas,diesel,202.1571975,0,68.5,68.5,1.0,0.0,0.0,0.0
SIC-SING,Palmucho,m2-d19-h18,2,Charrua,Serie,0,0,32,31.0,1.0,31.0,0.0,0.0
SIC-SING,Pasada_Puerto_Montt,m2-d19-h18,2,Puerto_Montt,Pasada,0,0,15.6,4.600000002,1.0,4.6,0.0,0.0
SIC-SING,Colmito_Diesel,m2-d19-h18,2,Quillota,diesel,187.2475913,24.9,57.7,57.7,0.0,0.0,0.0,0.0
SIC-SING,CenCardones_Diesel,m2-d19-h18,2,Cardones,diesel,204.9867613,0,95.3,95.3,1.0,0.0,0.0,0.0
SIC-SING,Pasada_Alto_Jahuel,m2-d19-h18,2,Alto_Jahuel,Pasada,0,0,463,412.599999804,1.0,412.6,0.0,0.0
SIC-SING,CC1_Diesel,m2-d19-h18,1,Atacama-Mejillones,diesel,135.3642864,201.5,325.5,325.5,0.0,0.0,0.0,0.0
SIC-SING,Proy_Carbon_Cardones,m2-d19-h18,2,Cardones,coal,35.5,0,2000,2000,0.0,0.0,0.0,0.0
SIC-SING,Proy_Wind_Puerto Montt_157,m2-d19-h18,2,Puerto_Montt,Eolico,7,0,274,274,0.0,0.0,0.0,0.0
SIC-SING,U16_TG_TV_GNL,m2-d19-h18,1,Crucero-Encuentro,gnl,78.505,117,343,343,0.0,0.0,0.0,0.0
SIC-SING,Proy_PV_Diego_de_Almagro,m2-d19-h18,2,Diego_de_Almagro,Solar,0,0,10000,10000,0.0,0.0,0.0,0.0
SIC-SING,CenPunta_Colorada_Diesel,m2-d19-h18,2,Punta_Colorada,diesel,181.7856707,0,16.6,16.6,1.0,0.0,0.0,0.0
SIC-SING,Candelaria_U2_Diesel,m2-d19-h18,2,Alto_Jahuel,diesel,191.9666164,59.7,128,128,0.0,0.0,0.0,0.0
SIC-SING,Pasada_Polpaico,m2-d19-h18,2,Polpaico,Pasada,0,0,1.4,0.9999999995999999,1.0,1.0,0.0,0.0
SIC-SING,Pasada_Maitencillo,m2-d19-h18,2,Maitencillo,Pasada,0,0,5.1,3.9999999974999993,1.0,4.0,0.0,0.0
SIC-SING,U15,m2-d19-h18,1,Crucero-Encuentro,coal,39.305511,66.7,107.7,107.7,1.0,107.7,0.0,0.0
SIC-SING,Pilmaiquen,m2-d19-h18,2,Rahue,Embalse,0,0,39,39,1.0,39.0,0.0,0.0
SIC-SING,GPolpaico,m2-d19-h18,2,Polpaico,Solar,0,0,146.8,87.59999996600001,1.0,87.6,0.0,0.0
SIC-SING,CC2_TG2A_05TV_Diesel,m2-d19-h18,1,Atacama-Mejillones,diesel,141.0967186,100.5,162.5,162.5,0.0,0.0,0.0,0.0
SIC-SING,Proy_Biomass_Itahue,m2-d19-h18,2,Itahue,biomass,15,0,1000,1000,0.0,0.0,0.0,0.0
SIC-SING,Proy_PV_Pan_de_Azucar,m2-d19-h18,2,Pan_de_Azucar,Solar,0,0,10000,10000,0.0,0.0,0.0,0.0
SIC-SING,Proy_PV_Atacama-Mejillones,m2-d19-h18,1,Atacama-Mejillones,Solar,0,0,10000,10000,0.0,0.0,0.0,0.0
SIC-SING,Quintero_01_CA_GNL,m2-d19-h18,2,Quillota,gnl,126.8320409,64.5,127.1,127.1,0.0,0.0,0.0,0.0
SIC-SING,LosQuilos,m2-d19-h18,2,Polpaico,Serie,0,0,39.9,39.9,1.0,39.9,0.0,0.0
SIC-SING,Los_Pinos,m2-d19-h18,2,Charrua,diesel,137.8633466,29.4,101.9,101.9,0.0,0.0,0.0,0.0
SIC-SING,Proy_Wind_Puerto Montt_146,m2-d19-h18,2,Puerto_Montt,Eolico,7,0,3265,3265,0.0,0.0,0.0,0.0
SIC-SING,Proy_Hidro_Temuco-Cautin_31,m2-d19-h18,2,Temuco-Cautin,Pasada,0,0,378.4,378.4,0.0,0.0,0.0,0.0
SIC-SING,Los_Guindos,m2-d19-h18,2,Charrua,diesel,202.0786898,63.7,136.2,136.2,0.0,0.0,0.0,0.0
SIC-SING,Campiche,m2-d19-h18,2,Nogales,coal,40.0961167,98.7,244,244,1.0,244.0,0.0,0.0
SIC-SING,CC2_Diesel,m2-d19-h18,1,Atacama-Mejillones,diesel,131.9943334,201.5,325.5,325.5,0.0,0.0,0.0,0.0
SIC-SING,Proy_Hidro_Temuco-Cautin_35,m2-d19-h18,2,Temuco-Cautin,Pasada,0,0,303.4,303.4,0.0,0.0,0.0,0.0
SIC-SING,ex_PV_Los_Vilos,m2-d19-h18,2,Los_Vilos,Solar,0,0,12.9,6.8000000007,1.0,6.8,0.0,0.0
SIC-SING,Proy_Wind_Valdivia-Ciruelos_112,m2-d19-h18,2,Valdivia-Ciruelos,Eolico,7,0,167,167,0.0,0.0,0.0,0.0
SIC-SING,Proy_Hidro_Tinguiririca_2,m2-d19-h18,2,Tinguiririca,Pasada,0,0,403,403,0.0,0.0,0.0,0.0
SIC-SING,Pangue,m2-d19-h18,2,Charrua,Embalse,0,100,467,0,0,0.0,0.0,0.0
SIC-SING,CenPuerto_Montt_Diesel,m2-d19-h18,2,Puerto_Montt,diesel,182.1356707,0,149.7,149.7,1.0,0.0,0.0,0.0
SIC-SING,CTTAR,m2-d19-h18,1,Tarapaca,coal,39.709682,90.5,130.5,130.5,1.0,130.5,0.0,0.0
SIC-SING,Candelaria_U2_GNL,m2-d19-h18,2,Alto_Jahuel,gnl,127.45875,59.7,128,128,0.0,0.0,0.0,0.0
SIC-SING,Proy_Wind_Temuco-Cautin_95,m2-d19-h18,2,Temuco-Cautin,Eolico,7,0,786,786,0.0,0.0,0.0,0.0
SIC-SING,Pasada_Itahue,m2-d19-h18,2,Itahue,Pasada,0,0,42.4,22.4000000088,1.0,22.4,0.0,0.0
SIC-SING,Proy_Wind_Temuco-Cautin_98,m2-d19-h18,2,Temuco-Cautin,Eolico,7,0,745,745,0.0,0.0,0.0,0.0
SIC-SING,Las Nieves,m2-d19-h18,2,Temuco-Cautin,Pasada,0,0,6.5,4.300000003,1.0,4.3,0.0,0.0
SIC-SING,Pasada_Temuco-Cautin,m2-d19-h18,2,Temuco-Cautin,Pasada,0,0,51.5,36.300000003499996,1.0,36.3,0.0,0.0
SIC-SING,Proy_Biomass_Valdivia-Ciruelos,m2-d19-h18,2,Valdivia-Ciruelos,biomass,10,0,1000,1000,0.0,0.0,0.0,0.0
SIC-SING,Proy_GNL_Atacama,m2-d19-h18,1,Atacama-Mejillones,gnl,76.5,0,2000,2000,0.0,0.0,0.0,0.0
SIC-SING,KELAR_TG2_05TV_GNL,m2-d19-h18,1,Los_Changos-Kapatur,gnl,82.8282,105.8,264.6,264.6,0.0,0.0,0.0,0.0
SIC-SING,ex_wind_Los_Vilos,m2-d19-h18,2,Los_Vilos,Eolico,7,0,90,52.90000002,1.0,52.9,0.0,0.0
SIC-SING,CenItahue_Biomass_1,m2-d19-h18,2,Itahue,biomass,25.87,0,30,30,1.0,30.0,0.0,0.0
SIC-SING,Proy_GNL_Tarapaca,m2-d19-h18,1,Tarapaca,gnl,76.5,0,2000,2000,0.0,0.0,0.0,0.0
SIC-SING,Ancoa,m2-d19-h18,2,Ancoa_220,Pasada,0,0,27,27,1.0,27.0,0.0,0.0
SIC-SING,Chacayes,m2-d19-h18,2,Alto_Jahuel,Pasada,0,0,111.7,107.19999996060001,1.0,107.2,0.0,0.0
SIC-SING,ANG_I,m2-d19-h18,1,Los_Changos-Kapatur,coal,41.6208974,121.7,239.7,239.7,1.0,121.7,118.0,0.0
SIC-SING,CenCharrua_Biomass_2,m2-d19-h18,2,Charrua,biomass,64.12,0,53.5,53.5,1.0,0.0,0.0,0.0
SIC-SING,CenCharrua_Biomass_3,m2-d19-h18,2,Charrua,biomass,166.73,0,35.3,35.3,1.0,0.0,0.0,0.0
SIC-SING,Robleria,m2-d19-h18,2,Itahue,Serie,0,0,4,0,0,0.0,0.0,0.0
SIC-SING,CenItahue_Biomass_3,m2-d19-h18,2,Itahue,biomass,143.75,0,3,3,1.0,0.0,0.0,0.0
SIC-SING,SanPedro,m2-d19-h18,2,Valdivia-Ciruelos,Pasada,0,0,170,41.00000007,1.0,41.0,0.0,0.0
SIC-SING,Proy_Hidro_Charrua_23,m2-d19-h18,2,Charrua,Pasada,0,0,401.8,401.8,0.0,0.0,0.0,0.0
SIC-SING,Pasada_Rahue,m2-d19-h18,2,Rahue,Pasada,0,0,67.2,15.500000006400002,1.0,15.5,0.0,0.0
SIC-SING,ex_wind_Rapel_220,m2-d19-h18,2,Rapel_220,Eolico,7,0,17.6,15.200000006400002,1.0,15.2,0.0,0.0
SIC-SING,CenAtacama-Mejillones_Diesel,m2-d19-h18,1,Atacama-Mejillones,diesel,188.4165432,0,12.3,12.3,1.0,0.0,0.0,0.0
SIC-SING,Pehuenche,m2-d19-h18,2,Ancoa_220,Embalse,0,120,570,139.99999995000002,1.0,140.0,0.0,0.0
SIC-SING,Rapel,m2-d19-h18,2,Rapel_220,Embalse,0,40,375,172.99999987500001,1.0,173.0,0.0,0.0
SIC-SING,Taltal_02_Diesel,m2-d19-h18,2,Paposo,diesel,182.4647525,74.9,109.8,109.8,0.0,0.0,0.0,0.0
SIC-SING,KELAR_2TG_TV_GNL,m2-d19-h18,1,Los_Changos-Kapatur,gnl,78.884,211.7,529.2,529.2,0.0,0.0,0.0,0.0
SIC-SING,Proy_Hidro_Rapel_220_1,m2-d19-h18,2,Rapel_220,Pasada,0,0,197.2,197.2,0.0,0.0,0.0,0.0
SIC-SING,Proy_Hidro_Temuco-Cautin_29,m2-d19-h18,2,Temuco-Cautin,Pasada,0,0,779.3,779.3,0.0,0.0,0.0,0.0
SIC-SING,San_Isidro_GNL,m2-d19-h18,2,Quillota,gnl,98.29425544,261.3,373.7,373.7,0.0,0.0,0.0,0.0
SIC-SING,ex_wind_Charrua,m2-d19-h18,2,Charrua,Eolico,7,0,438.2,17.700000073,1.0,17.7,0.0,0.0
SIC-SING,Nueva_Ventanas,m2-d19-h18,2,Nogales,coal,40.0961167,97.8,241.8,241.8,1.0,241.8,0.0,0.0
SIC-SING,CTA,m2-d19-h18,1,Atacama-Mejillones,coal,39.2032079,83.8,148.8,148.8,1.0,148.8,0.0,0.0
SIC-SING,Proy_Hidro_Itahue_10,m2-d19-h18,2,Itahue,Pasada,0,0,152.3,152.3,0.0,0.0,0.0,0.0
SIC-SING,CenDiego_de_Almagro_Diesel,m2-d19-h18,2,Diego_de_Almagro,diesel,249.9685061,0,178.1,178.1,1.0,0.0,0.0,0.0
SIC-SING,U13,m2-d19-h18,1,Crucero-Encuentro,coal,44.94933,44.3,74.3,74.3,0.0,0.0,0.0,0.0
SIC-SING,U12,m2-d19-h18,1,Crucero-Encuentro,coal,46.89067,44.3,71.3,71.3,0.0,0.0,0.0,0.0
SIC-SING,CC2_TG2A_05TV_GNL,m2-d19-h18,1,Atacama-Mejillones,gnl,89.90203645,87.5,162.5,162.5,0.0,0.0,0.0,0.0
SIC-SING,U14,m2-d19-h18,1,Crucero-Encuentro,coal,40.740041,66.3,113.3,113.3,0.0,0.0,0.0,0.0
SIC-SING,Canutillar,m2-d19-h18,2,Puerto_Montt,Embalse,0,40,170.2,170.2,1.0,170.2,0.0,0.0
SIC-SING,Ralco,m2-d19-h18,2,Charrua,Embalse,0,90,690,50.10000024,1.0,50.1,0.0,0.0
SIC-SING,CenQuillota_Diesel,m2-d19-h18,2,Quillota,diesel,249.1487242,0,80.3,80.3,1.0,0.0,0.0,0.0
SIC-SING,OjosDeAgua,m2-d19-h18,2,Itahue,Serie,0,0,9,0,0,0.0,0.0,0.0
SIC-SING,Antuco,m2-d19-h18,2,Charrua,Embalse,0,10,320,214.0,1.0,214.0,0.0,0.0
SIC-SING,Proy_Wind_Pan de Azucar_8,m2-d19-h18,2,Pan_de_Azucar,Eolico,7,0,201,201,0.0,0.0,0.0,0.0
SIC-SING,CC1_TG1B_05TV_Diesel,m2-d19-h18,1,Atacama-Mejillones,diesel,140.9144318,100.5,162.5,162.5,0.0,0.0,0.0,0.0
SIC-SING,Pasada_Melipilla,m2-d19-h18,2,Melipilla,Pasada,0,0,3.4,3.4,1.0,3.4,0.0,0.0
SIC-SING,Proy_PV_Crucero-Encuentro,m2-d19-h18,1,Crucero-Encuentro,Solar,0,0,10000,10000,0.0,0.0,0.0,0.0
SIC-SING,ex_wind_Maitencillo,m2-d19-h18,2,Maitencillo,Eolico,7,0,485,438.600000045,1.0,438.6,0.0,0.0
SIC-SING,Chacabuquito,m2-d19-h18,2,Polpaico,Serie,0,0,25.7,25.5999999893,1.0,25.6,0.0,0.0
SIC-SING,Proy_Wind_Puerto Montt_166,m2-d19-h18,2,Puerto_Montt,Eolico,7,0,7571,7571,0.0,0.0,0.0,0.0
SIC-SING,ex_wind_Crucero-Encuentro,m2-d19-h18,1,Crucero-Encuentro,Eolico,7,0,196.9,48.8000000136,1.0,48.8,0.0,0.0
SIC-SING,CTM3_TG_TV_GNL_SIC,m2-d19-h18,1,Los_Changos-Kapatur,gnl,79.28376069,152.5,218.5,218.5,0.0,0.0,0.0,0.0
SIC-SING,Proy_PV_Laberinto-Domeyko,m2-d19-h18,1,Laberinto-Domeyko,Solar,0,0,10000,10000,0.0,0.0,0.0,0.0
SIC-SING,Proy_PV_Cardones,m2-d19-h18,2,Cardones,Solar,0,0,10000,10000,0.0,0.0,0.0,0.0
SIC-SING,San_Isidro_FA_GNL,m2-d19-h18,2,Quillota,gnl,133.2145882,0,19.7,19.7,1.0,0.0,19.7,0.0
SIC-SING,Proy_Hidro_Rahue_40,m2-d19-h18,2,Rahue,Pasada,0,0,199.7,199.7,0.0,0.0,0.0,0.0
SIC-SING,ex_PV_Tarapaca,m2-d19-h18,1,Tarapaca,Solar,0,0,40,6.0,1.0,6.0,0.0,0.0
SIC-SING,ex_PV_Etaltal,m2-d19-h18,2,Etaltal,Solar,0,0,69,43.699999977000004,1.0,43.7,0.0,0.0
SIC-SING,ex_PV_Cardones,m2-d19-h18,2,Cardones,Solar,0,0,507,317.10000000900004,1.0,317.1,0.0,0.0
SIC-SING,ex_wind_Las_Palmas,m2-d19-h18,2,Las_Palmas,Eolico,7,0,215.6,126.7000000728,1.0,126.7,0.0,0.0
SIC-SING,Ventanas_01,m2-d19-h18,2,Quillota,coal,40.36255,56.2,112.4,112.4,1.0,112.4,0.0,0.0
SIC-SING,Ventanas_02,m2-d19-h18,2,Quillota,coal,37.7443333,111.8,205,205,1.0,205.0,0.0,0.0
SIC-SING,Nuble,m2-d19-h18,2,Ancoa_220,Pasada,0,0,136,0,0,0.0,0.0,0.0
SIC-SING,IEM,m2-d19-h18,1,Atacama-Mejillones,coal,40.1023,96.9,323,323,1.0,165.322775753771,157.677224246229,0.0
SIC-SING,ex_PV_Atacama-Mejillones,m2-d19-h18,1,Atacama-Mejillones,Solar,0,0,50,28.9,1.0,28.9,0.0,0.0
SIC-SING,Proy_Hidro_Colbun_220_12,m2-d19-h18,2,Colbun_220,Pasada,0,0,225.8,225.8,0.0,0.0,0.0,0.0
SIC-SING,Proy_Hidro_Colbun_220_13,m2-d19-h18,2,Colbun_220,Pasada,0,0,656.3,656.3,0.0,0.0,0.0,0.0
SIC-SING,Bocamina_01,m2-d19-h18,2,Charrua,coal,41.8950167,65.8,122.2,122.2,1.0,66.2000000000007,55.9999999999993,0.0
SIC-SING,Bocamina_02,m2-d19-h18,2,Charrua,coal,38.664295,211.8,322.4,322.4,1.0,322.4,0.0,0.0
SIC-SING,CenAlto_Jahuel_Biomass_1,m2-d19-h18,2,Alto_Jahuel,biomass,15.49,0,14.4,14.4,1.0,14.4,0.0,0.0
SIC-SING,CenAlto_Jahuel_Diesel,m2-d19-h18,2,Alto_Jahuel,diesel,256.4893785,0,3,3,1.0,0.0,0.0,0.0
SIC-SING,LosCondores,m2-d19-h18,2,Ancoa_220,Embalse,0,0,150,0,0,0.0,0.0,0.0
SIC-SING,CTM3_TG_TV_Diesel,m2-d19-h18,1,Atacama-Mejillones,diesel,159.497767,87.5,162.5,162.5,0.0,0.0,0.0,0.0
SIC-SING,Taltal_01_Diesel,m2-d19-h18,2,Paposo,diesel,182.4647525,74.9,109.8,109.8,0.0,0.0,0.0,0.0
SIC-SING,LaHiguera,m2-d19-h18,2,Tinguiririca,Pasada,0,0,155,121.99999997,1.0,122.0,0.0,0.0
SIC-SING,Petropower,m2-d19-h18,2,Charrua,diesel,186.5326563,54.9,73.5,73.5,0.0,0.0,0.0,0.0
SIC-SING,Proy_Wind_Maitencillo_5,m2-d19-h18,2,Maitencillo,Eolico,7,0,187,187,0.0,0.0,0.0,0.0
SIC-SING,Proy_PV_Tarapaca,m2-d19-h18,1,Tarapaca,Solar,0,0,10000,10000,0.0,0.0,0.0,0.0
SIC-SING,Nueva_Renca_GNL,m2-d19-h18,2,Cerro_Navia-Lo_Aguirre,gnl,82.15300369,234.2,369.9,369.9,0.0,0.0,0.0,0.0
SIC-SING,Proy_Hidro_Pichirropulli_39,m2-d19-h18,2,Pichirropulli,Pasada,0,0,705.7,705.7,0.0,0.0,0.0,0.0
SIC-SING,ex_PV_Lalackama,m2-d19-h18,2,Lalackama,Solar,0,0,176.5,111.70000003499999,1.0,111.7,0.0,0.0
SIC-SING,CenRahue_Diesel,m2-d19-h18,2,Rahue,diesel,198.0365432,0,11.3,11.3,1.0,0.0,0.0,0.0
SIC-SING,Proy_GNL_Pan_de_Azucar,m2-d19-h18,2,Pan_de_Azucar,gnl,76.5,0,2000,2000,0.0,0.0,0.0,0.0
SIC-SING,CenCerro_Navia-Lo_Aguirre_Diesel,m2-d19-h18,2,Cerro_Navia-Lo_Aguirre,diesel,257.0693785,0,94.1,94.1,1.0,0.0,0.0,0.0
SIC-SING,Proy_Hidro_Puerto_Montt_48,m2-d19-h18,2,Puerto_Montt,Pasada,0,0,816.8,816.8,0.0,0.0,0.0,0.0
SIC-SING,Taltal_02_GNL,m2-d19-h18,2,Paposo,gnl,121.4172548,74.9,121.3,121.3,0.0,0.0,0.0,0.0
SIC-SING,CenItahue_Biomass_2,m2-d19-h18,2,Itahue,biomass,54.02,0,17.3,17.3,1.0,0.0,0.0,0.0
SIC-SING,Proy_Biomass_Charrua,m2-d19-h18,2,Charrua,biomass,20,0,1000,1000,0.0,0.0,0.0,0.0
SIC-SING,SanClemente,m2-d19-h18,2,Colbun_220,Serie,0,0,5.5,0.0,0,0.0,0.0,0.0
SIC-SING,ex_PV_Maitencillo,m2-d19-h18,2,Maitencillo,Solar,0,0,437.9,289.2999999343,1.0,289.3,0.0,0.0
SIC-SING,CenItahue_Diesel,m2-d19-h18,2,Itahue,diesel,195.466325,0,131.6,131.6,1.0,0.0,0.0,0.0
SIC-SING,ex_PV_Diego_de_Almagro,m2-d19-h18,2,Diego_de_Almagro,Solar,0,0,521.9,316.3999998133,1.0,316.4,0.0,0.0
SIC-SING,Proy_Wind_Crucero-Encuentro_1,m2-d19-h18,1,Crucero-Encuentro,Eolico,7,0,215,215,0.0,0.0,0.0,0.0
SIC-SING,Pasada_Pan_de_Azucar,m2-d19-h18,2,Pan_de_Azucar,Pasada,0,0,28.2,15.5999999898,1.0,15.6,0.0,0.0
SIC-SING,ex_PV_Punta_Colorada,m2-d19-h18,2,Punta_Colorada,Solar,0,0,61.5,36.6999999705,1.0,36.7,0.0,0.0
SIC-SING,Proy_Hidro_Colbun_220_16,m2-d19-h18,2,Colbun_220,Pasada,0,0,373.8,373.8,0.0,0.0,0.0,0.0
SIC-SING,LaMina,m2-d19-h18,2,Ancoa_220,Serie,0,0,34,5.1,1.0,5.1,0.0,0.0
SIC-SING,Proy_PV_Los_Vilos,m2-d19-h18,2,Los_Vilos,Solar,0,0,10000,10000,0.0,0.0,0.0,0.0
SIC-SING,Proy_Hidro_Valdivia-Ciruelos_36,m2-d19-h18,2,Valdivia-Ciruelos,Pasada,0,0,444.6,444.6,0.0,0.0,0.0,0.0
SIC-SING,ANG_II,m2-d19-h18,1,Los_Changos-Kapatur,coal,40.2108974,121.7,243.7,243.7,1.0,121.7,122.0,0.0
SIC-SING,Proy_PV_Paposo,m2-d19-h18,2,Paposo,Solar,0,0,10000,10000,0.0,0.0,0.0,0.0
SIC-SING,ex_PV_Itahue,m2-d19-h18,2,Itahue,Solar,0,0,3,1.700000001,1.0,1.7,0.0,0.0
SIC-SING,Abanico,m2-d19-h18,2,Charrua,Serie,0,0,136,35.500000032,1.0,35.5,0.0,0.0
SIC-SING,Proy_Hidro_Valdivia-Ciruelos_38,m2-d19-h18,2,Valdivia-Ciruelos,Pasada,0,0,894.9,894.9,0.0,0.0,0.0,0.0
SIC-SING,Hornitos,m2-d19-h18,2,Polpaico,Serie,0,0,55,46.499999974999994,1.0,46.5,0.0,0.0
SIC-SING,Quintero_02_CA_Diesel,m2-d19-h18,2,Quillota,diesel,172.3457312,64.5,128.1,128.1,0.0,0.0,0.0,0.0
SIC-SING,Candelaria_U1_GNL,m2-d19-h18,2,Alto_Jahuel,gnl,127.45875,59.7,124.7,124.7,0.0,0.0,0.0,0.0
SIC-SING,Cardones_Diesel,m2-d19-h18,2,Cardones,diesel,218.9251734,68.6,149.9,149.9,0.0,0.0,0.0,0.0
SIC-SING,Guacolda_01,m2-d19-h18,2,Maitencillo,coal,37.00069,56.4,141,141,1.0,141.0,0.0,0.0
SIC-SING,NTO2,m2-d19-h18,1,Crucero-Encuentro,coal,35.7323,55.8,125.8,125.8,1.0,125.8,0.0,0.0
SIC-SING,NTO1,m2-d19-h18,1,Crucero-Encuentro,coal,36.08872,56.1,126.1,126.1,1.0,126.1,0.0,0.0
SIC-SING,Proy_Hidro_Itahue_6,m2-d19-h18,2,Itahue,Pasada,0,0,239,239,0.0,0.0,0.0,0.0
SIC-SING,Pasada_Valdivia-Ciruelos,m2-d19-h18,2,Valdivia-Ciruelos,Pasada,0,0,53,12.399999992,1.0,12.4,0.0,0.0
SIC-SING,Alfalfal2,m2-d19-h18,2,Alto_Jahuel,Pasada,0,0,264,209.70000004800002,1.0,209.7,0.0,0.0
SIC-SING,Confluencia,m2-d19-h18,2,Tinguiririca,Pasada,0,0,163.2,125.59999997759998,1.0,125.6,0.0,0.0
SIC-SING,Proy_Hidro_Charrua_17,m2-d19-h18,2,Charrua,Pasada,0,0,171.4,171.4,0.0,0.0,0.0,0.0
SIC-SING,ElDiuto,m2-d19-h18,2,Charrua,Serie,0,0,3.3,3.3,1.0,3.3,0.0,0.0
SIC-SING,ex_PV_Pan_de_Azucar,m2-d19-h18,2,Pan_de_Azucar,Solar,0,0,120.8,63.5000000416,1.0,63.5,0.0,0.0
SIC-SING,Proy_PV_Etaltal,m2-d19-h18,2,Etaltal,Solar,0,0,10000,10000,0.0,0.0,0.0,0.0
SIC-SING,Proy_GNL_Los_Changos-Kapatur,m2-d19-h18,1,Los_Changos-Kapatur,gnl,76.5,0,2000,2000,0.0,0.0,0.0,0.0
SIC-SING,Proy_Hidro_Temuco-Cautin_30,m2-d19-h18,2,Temuco-Cautin,Pasada,0,0,227.4,227.4,0.0,0.0,0.0,0.0
SIC-SING,Proy_Wind_Pichirropulli_119,m2-d19-h18,2,Pichirropulli,Eolico,7,0,287,287,0.0,0.0,0.0,0.0
SIC-SING,ex_wind_Etaltal,m2-d19-h18,2,Etaltal,Eolico,7,0,98.4,11.199999979200001,1.0,11.2,0.0,0.0
SIC-SING,LosHierros1,m2-d19-h18,2,Ancoa_220,Serie,0,0,25,0,0,0.0,0.0,0.0
SIC-SING,CenPan_de_Azucar_Diesel,m2-d19-h18,2,Pan_de_Azucar,diesel,180.8856707,0,80.8,80.8,1.0,0.0,0.0,0.0
SIC-SING,Proy_Carbon_Tarapaca,m2-d19-h18,1,Tarapaca,coal,35.5,0,2000,2000,0.0,0.0,0.0,0.0
SIC-SING,LosHierros2,m2-d19-h18,2,Ancoa_220,Serie,0,0,6,0,0,0.0,0.0,0.0
SIC-SING,Nehuenco_01_Diesel,m2-d19-h18,2,Quillota,diesel,116.6989353,245.3,304.1,304.1,0.0,0.0,0.0,0.0
SIC-SING,Quintero_01_CA_Diesel,m2-d19-h18,2,Quillota,diesel,172.3457312,64.5,127.1,127.1,0.0,0.0,0.0,0.0
SIC-SING,ElToro,m2-d19-h18,2,Charrua,Embalse,0,0,450,450,1.0,450.0,0.0,0.0
SIC-SING,Proy_Wind_Charrua_66,m2-d19-h18,2,Charrua,Eolico,7,0,606,606,0.0,0.0,0.0,0.0
SIC-SING,U16_TG_TV_Diesel,m2-d19-h18,1,Crucero-Encuentro,diesel,200.014253,171,343,343,0.0,0.0,0.0,0.0
SIC-SING,Proy_Wind_Pichirropulli_125,m2-d19-h18,2,Pichirropulli,Eolico,7,0,313,313,0.0,0.0,0.0,0.0
SIC-SING,Proy_PV_Nogales,m2-d19-h18,2,Nogales,Solar,0,0,10000,10000,0.0,0.0,0.0,0.0
SIC-SING,CSP CERRO DOMINADOR,m2-d19-h18,1,Crucero-Encuentro,Solar,0,0,115,103.99999998999999,1.0,104.0,0.0,0.0
SIC-SING,Proy_PV_Punta_Colorada,m2-d19-h18,2,Punta_Colorada,Solar,0,0,10000,10000,0.0,0.0,0.0,0.0
SIC-SING,Inca_de_Varas_I_II,m2-d19-h18,2,Cardones,Solar,0,0,120,35.49999996,1.0,35.5,0.0,0.0
SIC-SING,Proy_Carbon_Los_Changos-Kapatur,m2-d19-h18,1,Los_Changos-Kapatur,coal,35.5,0,2000,2000,0.0,0.0,0.0,0.0
SIC-SING,Proy_Hidro_Temuco-Cautin_33,m2-d19-h18,2,Temuco-Cautin,Pasada,0,0,193.8,193.8,0.0,0.0,0.0,0.0
SIC-SING,ex_wind_Punta_Colorada,m2-d19-h18,2,Punta_Colorada,Eolico,7,0,204.8,200.20000010240003,1.0,200.2,0.0,0.0
SIC-SING,Proy_PV_Lalackama,m2-d19-h18,2,Lalackama,Solar,0,0,10000,10000,0.0,0.0,0.0,0.0
SIC-SING,San_Isidro_02_FA_GNL,m2-d19-h18,2,Quillota,gnl,133.2145882,0,18.7,18.7,1.0,0.0,18.7,0.0
SIC-SING,Quintero_02_CA_GNL,m2-d19-h18,2,Quillota,gnl,126.8320409,64.5,128.1,128.1,0.0,0.0,0.0,0.0
SIC-SING,Tchamma,m2-d19-h18,1,Crucero-Encuentro,Eolico,7,0,150.4,19.2999999872,1.0,19.3,0.0,0.0
SIC-SING,Proy_GNL_Cardones,m2-d19-h18,2,Cardones,gnl,76.5,0,2000,2000,0.0,0.0,0.0,0.0
SIC-SING,ex_PV_Alto_Jahuel,m2-d19-h18,2,Alto_Jahuel,Solar,0,0,56,33.999999992,1.0,33.9999999999999,0.0,0.0
SIC-SING,Chiburgo,m2-d19-h18,2,Colbun_220,Serie,0,0,19.4,0.0,0,0.0,0.0,0.0
SIC-SING,San_Isidro_02_Diesel,m2-d19-h18,2,Quillota,diesel,133.1509205,219.9,349.9,349.9,0.0,0.0,0.0,0.0
SIC-SING,Proy_Hidro_Colbun_220_15,m2-d19-h18,2,Colbun_220,Pasada,0,0,193,193,0.0,0.0,0.0,0.0
SIC-SING,Proy_CSP_Crucero-Encuentro,m2-d19-h18,1,Crucero-Encuentro,Solar,0,0,10000,10000,0.0,0.0,0.0,0.0
SIC-SING,Proy_Hidro_Itahue_8,m2-d19-h18,2,Itahue,Pasada,0,0,178.4,178.4,0.0,0.0,0.0,0.0
SIC-SING,LasLajas,m2-d19-h18,2,Alto_Jahuel,Pasada,0,0,267,239.800000047,1.0,239.8,0.0,0.0
SIC-SING,Proy_Hidro_Itahue_9,m2-d19-h18,2,Itahue,Pasada,0,0,178.1,178.1,0.0,0.0,0.0,0.0
SIC-SING,Santa_Lidia,m2-d19-h18,2,Charrua,diesel,218.3919488,58.8,136.2,136.2,0.0,0.0,0.0,0.0
SIC-SING,Nehuenco_01_FA_GNL,m2-d19-h18,2,Quillota,gnl,98.80625,0,21.4,21.4,1.0,0.0,21.4,0.0
SIC-SING,Guacolda_02,m2-d19-h18,2,Maitencillo,coal,37.0916008,56.4,141,141,1.0,140.577224246229,0.422775753771361,0.0
SIC-SING,Guacolda_03,m2-d19-h18,2,Maitencillo,coal,36.8279383,67.7,137.1,137.1,1.0,137.1,0.0,0.0
SIC-SING,Guacolda_04,m2-d19-h18,2,Maitencillo,coal,36.90976,68.6,139.1,139.1,1.0,139.1,0.0,0.0
SIC-SING,Guacolda_05,m2-d19-h18,2,Maitencillo,coal,36.90976,54.9,140.8,140.8,1.0,140.8,0.0,0.0
SIC-SING,Nehuenco_01_GNL,m2-d19-h18,2,Quillota,gnl,79.382,252.1,371.8,371.8,0.0,0.0,0.0,0.0
SIC-SING,CTM2,m2-d19-h18,1,Atacama-Mejillones,coal,38.246296,79,143,143,1.0,143.0,0.0,0.0
SIC-SING,Nehuenco_02_Diesel,m2-d19-h18,2,Quillota,diesel,116.5225287,176.4,390.3,390.3,0.0,0.0,0.0,0.0
SIC-SING,Quilleco,m2-d19-h18,2,Charrua,Serie,0,0,70,53.99999997,1.0,54.0,0.0,0.0
SIC-SING,CTM1,m2-d19-h18,1,Atacama-Mejillones,coal,39.443923,79,138,138,1.0,138.0,0.0,0.0
SIC-SING,Proy_Wind_Las Palmas_11,m2-d19-h18,2,Las_Palmas,Eolico,7,0,340,340,0.0,0.0,0.0,0.0
SIC-SING,Proy_Wind_Las Palmas_10,m2-d19-h18,2,Las_Palmas,Eolico,7,0,182,182,0.0,0.0,0.0,0.0
SIC-SING,Colbun,m2-d19-h18,2,Colbun_220,Embalse,0,100,474,97.39999996799999,1.0,97.4,0.0,0.0
